iteration,train_mse
0,0.7251314725937392
1,0.7194246527121619
2,0.7180038010109915
3,0.7166435384288232
4,0.7153013806890876
5,0.7139766754594237
6,0.7126691916843193
7,0.7113787054399906
8,0.710104995754984
9,0.7088478445309279
10,0.7076070365047745
11,0.7063823592119352
12,0.7051736029499003
13,0.7039805607423308
14,0.7028030283036193
15,0.7016408040039085
16,0.7004936888345662
17,0.69936148637411
18,0.698244002754572
19,0.6971410466283041
20,0.6960524291352129
21,0.6949779638704214
22,0.69391746685235
23,0.6928707564912137
24,0.6918376535579281
25,0.6908179811534201
26,0.6898115646783372
27,0.6888182318031505
28,0.6878378124386474
29,0.6868701387068056
30,0.6859150449120485
31,0.684972367512873
32,0.6840419450938444
33,0.6831236183379601
34,0.6822172299993666
35,0.6813226248764366
36,0.6804396497851917
37,0.6795681535330738
38,0.6787079868930559
39,0.6778590025780902
40,0.6770210552158875
41,0.6761940013240251
42,0.6753776992853784
43,0.6745720093238711
44,0.6737767934805425
45,0.6729919155899233
46,0.6722172412567208
47,0.6714526378328052
48,0.6706979743944974
49,0.6699531217201503
50,0.6692179522680223
51,0.6684923401544371
52,0.6677761611322305
53,0.6670692925694734
54,0.6663716134284752
55,0.6656830042450567
56,0.6650033471080963
57,0.6643325256393373
58,0.6636704249734633
59,0.6630169317384274
60,0.6623719340360397
61,0.6617353214228088
62,0.6611069848910279
63,0.6604868168501112
64,0.6598747111081694
65,0.6592705628538289
66,0.658674268638282
67,0.6580857263575751
68,0.6575048352351248
69,0.6569314958044619
70,0.6563656098921993
71,0.6558070806012224
72,0.6552558122940976
73,0.654711710576694
74,0.6541746822820229
75,0.6536446354542842
76,0.6531214793331188
77,0.6526051243380696
78,0.6520954820532424
79,0.6515924652121654
80,0.6510959876828473
81,0.6506059644530283
82,0.6501223116156241
83,0.6496449463543574
84,0.6491737869295787
85,0.6487087526642678
86,0.6482497639302217
87,0.6477967421344182
88,0.6473496097055592
89,0.6469082900807875
90,0.6464727076925771
91,0.6460427879557943
92,0.6456184572549255
93,0.6451996429314723
94,0.6447862732715102
95,0.6443782774934096
96,0.6439755857357141
97,0.64357812904518
98,0.643185839364968
99,0.6427986495229904
100,0.642416493220409
101,0.6420393050202828
102,0.6416670203363632
103,0.6412995754220345
104,0.6409369073593991
105,0.6405789540485033
106,0.6402256541967043
107,0.6398769473081755
108,0.6395327736735466
109,0.6391930743596803
110,0.6388577911995812
111,0.6385268667824352
112,0.6382002444437798
113,0.6378778682558003
114,0.6375596830177548
115,0.6372456342465206
116,0.6369356681672658
117,0.6366297317042412
118,0.6363277724716923
119,0.636029738764889
120,0.6357355795512721
121,0.6354452444617152
122,0.6351586837819
123,0.6348758484438033
124,0.634596690017295
125,0.6343211607018463
126,0.6340492133183435
127,0.6337808013010104
128,0.6335158786894344
129,0.6332544001206967
130,0.6329963208216047
131,0.6327415966010261
132,0.6324901838423208
133,0.6322420394958734
134,0.6319971210717216
135,0.6317553866322798
136,0.6315167947851598
137,0.631281304676081
138,0.6310488759818766
139,0.6308194689035885
140,0.630593044159652
141,0.6303695629791705
142,0.6301489870952753
143,0.629931278738575
144,0.629716400630687
145,0.6295043159778544
146,0.6292949884646457
147,0.6290883822477374
148,0.6288844619497753
149,0.6286831926533173
150,0.6284845398948548
151,0.6282884696589107
152,0.628094948372216
153,0.6279039428979603
154,0.6277154205301172
155,0.6275293489878452
156,0.6273456964099597
157,0.6271644313494772
158,0.626985522768231
159,0.6268089400315561
160,0.6266346529030439
161,0.6264626315393645
162,0.6262928464851574
163,0.6261252686679863
164,0.6259598693933628
165,0.6257966203398313
166,0.6256354935541212
167,0.625476461446359
168,0.625319496785345
169,0.6251645726938899
170,0.6250116626442125
171,0.6248607404533986
172,0.6247117802789158
173,0.62456475661419
174,0.6244196442842367
175,0.6242764184413513
176,0.6241350545608537
177,0.6239955284368893
178,0.6238578161782842
179,0.6237218942044536
180,0.6235877392413657
181,0.623455328317554
182,0.6233246387601867
183,0.6231956481911822
184,0.6230683345233781
185,0.6229426759567493
186,0.6228186509746755
187,0.6226962383402556
188,0.6225754170926727
189,0.6224561665436043
190,0.6223384662736798
191,0.6222222961289845
192,0.6221076362176076
193,0.6219944669062375
194,0.6218827688167992
195,0.6217725228231359
196,0.6216637100477346
197,0.6215563118584932
198,0.621450309865531
199,0.6213456859180385
200,0.6212424221011702
201,0.6211405007329773
202,0.621039904361379
203,0.6209406157611751
204,0.6208426179310964
205,0.6207458940908926
206,0.6206504276784607
207,0.6205562023470071
208,0.6204632019622508
209,0.6203714105996581
210,0.620280812541718
211,0.6201913922752496
212,0.6201031344887467
213,0.620016024069755
214,0.6199300461022852
215,0.6198451858642587
216,0.6197614288249862
217,0.6196787606426806
218,0.6195971671620001
219,0.6195166344116254
220,0.6194371486018668
221,0.6193586961223031
222,0.619281263539451
223,0.6192048375944652
224,0.6191294052008675
225,0.6190549534423065
226,0.618981469570346
227,0.6189089410022814
228,0.6188373553189856
229,0.6187667002627831
230,0.6186969637353495
231,0.6186281337956414
232,0.6185601986578512
233,0.6184931466893887
234,0.6184269664088897
235,0.6183616464842498
236,0.6182971757306844
237,0.6182335431088124
238,0.6181707377227671
239,0.6181087488183303
240,0.6180475657810905
241,0.6179871781346251
242,0.6179275755387077
243,0.617868747787536
244,0.6178106848079854
245,0.6177533766578837
246,0.6176968135243086
247,0.6176409857219081
248,0.6175858836912408
249,0.6175314979971407
250,0.6174778193271
251,0.6174248384896756
252,0.6173725464129144
253,0.6173209341428011
254,0.6172699928417235
255,0.6172197137869603
256,0.6171700883691874
257,0.6171211080910033
258,0.6170727645654741
259,0.6170250495146979
260,0.6169779547683871
261,0.616931472262469
262,0.6168855940377056
263,0.6168403122383301
264,0.6167956191107027
265,0.6167515070019821
266,0.616707968358815
267,0.6166649957260436
268,0.6166225817454283
269,0.6165807191543878
270,0.616539400784756
271,0.616498619561554
272,0.6164583685017796
273,0.6164186407132097
274,0.6163794293932227
275,0.6163407278276314
276,0.6163025293895344
277,0.6162648275381819
278,0.6162276158178542
279,0.6161908878567577
280,0.616154637365933
281,0.6161188581381787
282,0.6160835440469878
283,0.6160486890454989
284,0.6160142871654615
285,0.6159803325162129
286,0.6159468192836706
287,0.6159137417293356
288,0.615881094189311
289,0.6158488710733313
290,0.6158170668638059
291,0.6157856761148731
292,0.6157546934514694
293,0.6157241135684071
294,0.6156939312294678
295,0.6156641412665045
296,0.615634738578557
297,0.6156057181309786
298,0.6155770749545741
299,0.6155488041447488
300,0.615520900860668
301,0.6154933603244294
302,0.6154661778202442
303,0.6154393486936294
304,0.6154128683506116
305,0.6153867322569397
306,0.6153609359373087
307,0.6153354749745931
308,0.6153103450090912
309,0.6152855417377786
310,0.6152610609135697
311,0.6152368983445933
312,0.6152130498934725
313,0.615189511476617
314,0.6151662790635246
315,0.6151433486760892
316,0.6151207163879223
317,0.6150983783236781
318,0.6150763306583911
319,0.6150545696168214
320,0.6150330914728078
321,0.61501189254863
322,0.6149909692143783
323,0.6149703178873331
324,0.6149499350313504
325,0.614929817156257
326,0.614909960817252
327,0.6148903626143184
328,0.6148710191916397
329,0.6148519272370251
330,0.6148330834813437
331,0.6148144846979637
332,0.6147961277021996
333,0.614778009350768
334,0.6147601265412486
335,0.6147424762115528
336,0.6147250553394003
337,0.6147078609418005
338,0.6146908900745425
339,0.6146741398316908
340,0.6146576073450869
341,0.6146412897838599
342,0.6146251843539399
343,0.6146092882975809
344,0.614593598892888
345,0.6145781134533513
346,0.6145628293273863
347,0.6145477438978793
348,0.6145328545817396
349,0.6145181588294575
350,0.614503654124667
351,0.6144893379837153
352,0.6144752079552378
353,0.614461261619738
354,0.6144474965891734
355,0.6144339105065462
356,0.6144205010455003
357,0.6144072659099226
358,0.6143942028335497
359,0.6143813095795804
360,0.6143685839402917
361,0.6143560237366622
362,0.6143436268179978
363,0.6143313910615636
364,0.614319314372221
365,0.6143073946820684
366,0.6142956299500875
367,0.6142840181617935
368,0.6142725573288899
369,0.6142612454889291
370,0.6142500807049752
371,0.6142390610652729
372,0.6142281846829203
373,0.6142174496955456
374,0.6142068542649876
375,0.6141963965769819
376,0.6141860748408504
377,0.6141758872891931
378,0.6141658321775875
379,0.6141559077842882
380,0.6141461124099332
381,0.6141364443772526
382,0.6141269020307809
383,0.6141174837365739
384,0.6141081878819299
385,0.6140990128751116
386,0.6140899571450751
387,0.6140810191412004
388,0.6140721973330251
389,0.6140634902099841
390,0.6140548962811496
391,0.6140464140749756
392,0.6140380421390473
393,0.6140297790398309
394,0.6140216233624293
395,0.6140135737103388
396,0.614005628705211
397,0.6139977869866158
398,0.6139900472118098
399,0.6139824080555042
400,0.6139748682096404
401,0.6139674263831644
402,0.6139600813018056
403,0.6139528317078599
404,0.6139456763599734
405,0.61393861403293
406,0.6139316435174412
407,0.6139247636199403
408,0.6139179731623762
409,0.6139112709820135
410,0.6139046559312326
411,0.6138981268773324
412,0.6138916827023377
413,0.6138853223028071
414,0.6138790445896444
415,0.6138728484879111
416,0.6138667329366436
417,0.6138606968886713
418,0.6138547393104364
419,0.613848859181818
420,0.613843055495957
421,0.6138373272590827
422,0.6138316734903451
423,0.6138260932216444
424,0.6138205854974664
425,0.6138151493747193
426,0.613809783922571
427,0.6138044882222907
428,0.6137992613670914
429,0.6137941024619742
430,0.6137890106235755
431,0.6137839849800156
432,0.6137790246707494
433,0.613774128846419
434,0.6137692966687084
435,0.6137645273101998
436,0.6137598199542318
437,0.6137551737947601
438,0.613750588036219
439,0.6137460618933851
440,0.6137415945912433
441,0.6137371853648537
442,0.6137328334592207
443,0.6137285381291643
444,0.6137242986391912
445,0.6137201142633699
446,0.6137159842852067
447,0.6137119079975215
448,0.6137078847023286
449,0.6137039137107155
450,0.6136999943427262
451,0.6136961259272442
452,0.6136923078018771
453,0.6136885393128445
454,0.6136848198148647
455,0.6136811486710451
456,0.6136775252527726
457,0.6136739489396061
458,0.613670419119171
459,0.613666935187053
460,0.6136634965466952
461,0.6136601026092965
462,0.6136567527937103
463,0.6136534465263451
464,0.6136501832410657
465,0.613646962379097
466,0.6136437833889284
467,0.6136406457262187
468,0.6136375488537031
469,0.6136344922411019
470,0.6136314753650284
471,0.6136284977089005
472,0.6136255587628517
473,0.6136226580236442
474,0.6136197949945814
475,0.613616969185425
476,0.6136141801123088
477,0.613611427297658
478,0.6136087102701056
479,0.6136060285644127
480,0.6136033817213888
481,0.6136007692878126
482,0.613598190816355
483,0.6135956458655022
484,0.6135931339994801
485,0.6135906547881798
486,0.6135882078070838
487,0.6135857926371936
488,0.6135834088649579
489,0.613581056082201
490,0.6135787338860542
491,0.6135764418788857
492,0.6135741796682335
493,0.613571946866737
494,0.6135697430920721
495,0.6135675679668847
496,0.6135654211187259
497,0.6135633021799896
498,0.6135612107878476
499,0.6135591465841894
500,0.6135571092155598
501,0.6135550983330984
502,0.61355311359248
503,0.6135511546538559
504,0.6135492211817953
505,0.6135473128452285
506,0.6135454293173892
507,0.6135435702757592
508,0.6135417354020136
509,0.6135399243819653
510,0.6135381369055117
511,0.613536372666582
512,0.613534631363084
513,0.6135329126968526
514,0.6135312163735995
515,0.6135295421028616
516,0.6135278895979523
517,0.6135262585759119
518,0.6135246487574588
519,0.6135230598669428
520,0.6135214916322967
521,0.6135199437849904
522,0.6135184160599848
523,0.6135169081956859
524,0.6135154199339014
525,0.6135139510197947
526,0.6135125012018424
527,0.6135110702317911
528,0.6135096578646144
529,0.6135082638584718
530,0.6135068879746662
531,0.613505529977604
532,0.6135041896347542
533,0.6135028667166087
534,0.6135015609966432
535,0.6135002722512785
536,0.6134990002598412
537,0.6134977448045272
538,0.613496505670364
539,0.6134952826451736
540,0.6134940755195364
541,0.6134928840867553
542,0.6134917081428202
543,0.6134905474863731
544,0.6134894019186742
545,0.6134882712435666
546,0.613487155267444
547,0.6134860537992174
548,0.6134849666502806
549,0.6134838936344807
550,0.6134828345680841
551,0.6134817892697462
552,0.6134807575604795
553,0.6134797392636238
554,0.613478734204815
555,0.6134777422119563
556,0.6134767631151878
557,0.6134757967468577
558,0.6134748429414948
559,0.6134739015357771
560,0.6134729723685077
561,0.6134720552805841
562,0.6134711501149728
563,0.6134702567166817
564,0.613469374932733
565,0.6134685046121383
566,0.6134676456058722
567,0.613466797766846
568,0.6134659609498835
569,0.613465135011696
570,0.6134643198108573
571,0.61346351520778
572,0.6134627210646911
573,0.6134619372456089
574,0.6134611636163195
575,0.6134604000443538
576,0.6134596463989642
577,0.6134589025511038
578,0.6134581683734031
579,0.6134574437401479
580,0.6134567285272585
581,0.6134560226122688
582,0.6134553258743042
583,0.6134546381940619
584,0.6134539594537896
585,0.613453289537266
586,0.6134526283297805
587,0.6134519757181149
588,0.6134513315905211
589,0.613450695836705
590,0.6134500683478057
591,0.613449449016378
592,0.613448837736373
593,0.613448234403121
594,0.6134476389133127
595,0.6134470511649815
596,0.6134464710574874
597,0.6134458984914977
598,0.6134453333689713
599,0.6134447755931423
600,0.6134442250685018
601,0.6134436817007833
602,0.6134431453969453
603,0.6134426160651563
604,0.6134420936147782
605,0.6134415779563515
606,0.6134410690015794
607,0.6134405666633134
608,0.6134400708555373
609,0.613439581493354
610,0.6134390984929694
611,0.6134386217716788
612,0.6134381512478531
613,0.6134376868409237
614,0.6134372284713704
615,0.6134367760607057
616,0.6134363295314631
617,0.613435888807183
618,0.6134354538124002
619,0.6134350244726294
620,0.6134346007143552
621,0.6134341824650167
622,0.6134337696529968
623,0.6134333622076091
624,0.6134329600590869
625,0.6134325631385696
626,0.6134321713780923
627,0.6134317847105735
628,0.6134314030698037
629,0.6134310263904343
630,0.6134306546079664
631,0.6134302876587392
632,0.6134299254799194
633,0.6134295680094913
634,0.6134292151862447
635,0.6134288669497654
636,0.6134285232404245
637,0.6134281839993687
638,0.6134278491685091
639,0.6134275186905124
640,0.6134271925087906
641,0.6134268705674915
642,0.6134265528114886
643,0.6134262391863726
644,0.6134259296384408
645,0.6134256241146891
646,0.6134253225628029
647,0.6134250249311467
648,0.6134247311687568
649,0.6134244412253324
650,0.6134241550512259
651,0.6134238725974356
652,0.6134235938155966
653,0.6134233186579733
654,0.6134230470774497
655,0.613422779027523
656,0.6134225144622947
657,0.6134222533364633
658,0.6134219956053159
659,0.6134217412247209
660,0.6134214901511207
661,0.6134212423415234
662,0.6134209977534968
663,0.6134207563451597
664,0.6134205180751756
665,0.6134202829027449
666,0.6134200507875995
667,0.6134198216899938
668,0.6134195955706992
669,0.6134193723909971
670,0.6134191521126725
671,0.6134189346980067
672,0.6134187201097716
673,0.6134185083112231
674,0.6134182992660948
675,0.613418092938592
676,0.6134178892933846
677,0.6134176882956025
678,0.6134174899108287
679,0.6134172941050935
680,0.6134171008448692
681,0.6134169100970631
682,0.6134167218290141
683,0.6134165360084842
684,0.6134163526036555
685,0.6134161715831234
686,0.6134159929158919
687,0.6134158165713671
688,0.6134156425193539
689,0.6134154707300487
690,0.6134153011740364
691,0.6134151338222833
692,0.6134149686461341
693,0.6134148056173053
694,0.6134146447078813
695,0.6134144858903096
696,0.6134143291373954
697,0.6134141744222981
698,0.6134140217185258
699,0.6134138709999306
700,0.6134137222407049
701,0.6134135754153767
702,0.6134134304988048
703,0.613413287466175
704,0.6134131462929958
705,0.6134130069550942
706,0.6134128694286107
707,0.613412733689997
708,0.6134125997160105
709,0.6134124674837104
710,0.6134123369704545
711,0.6134122081538951
712,0.6134120810119748
713,0.6134119555229229
714,0.6134118316652519
715,0.6134117094177534
716,0.6134115887594949
717,0.6134114696698161
718,0.6134113521283251
719,0.6134112361148951
720,0.613411121609661
721,0.6134110085930164
722,0.6134108970456088
723,0.6134107869483381
724,0.6134106782823523
725,0.6134105710290443
726,0.6134104651700492
727,0.6134103606872405
728,0.6134102575627276
729,0.6134101557788523
730,0.6134100553181863
731,0.6134099561635276
732,0.6134098582978975
733,0.6134097617045388
734,0.6134096663669116
735,0.613409572268691
736,0.6134094793937648
737,0.6134093877262297
738,0.6134092972503893
739,0.6134092079507519
740,0.6134091198120261
741,0.61340903281912
742,0.6134089469571375
743,0.6134088622113769
744,0.6134087785673268
745,0.6134086960106647
746,0.6134086145272545
747,0.6134085341031436
748,0.613408454724561
749,0.6134083763779148
750,0.6134082990497892
751,0.6134082227269436
752,0.6134081473963091
753,0.6134080730449868
754,0.6134079996602453
755,0.6134079272295191
756,0.6134078557404056
757,0.6134077851806637
758,0.6134077155382117
759,0.6134076468011243
760,0.6134075789576319
761,0.613407511996117
762,0.6134074459051143
763,0.6134073806733071
764,0.6134073162895253
765,0.6134072527427445
766,0.6134071900220834
767,0.6134071281168026
768,0.6134070670163022
769,0.6134070067101192
770,0.6134069471879279
771,0.6134068884395358
772,0.6134068304548839
773,0.6134067732240429
774,0.6134067167372138
775,0.6134066609847236
776,0.6134066059570262
777,0.6134065516446989
778,0.613406498038442
779,0.6134064451290763
780,0.6134063929075421
781,0.6134063413648974
782,0.6134062904923167
783,0.6134062402810888
784,0.6134061907226164
785,0.613406141808413
786,0.6134060935301036
787,0.6134060458794207
788,0.6134059988482057
789,0.6134059524284051
790,0.6134059066120707
791,0.6134058613913569
792,0.6134058167585209
793,0.6134057727059198
794,0.6134057292260107
795,0.6134056863113484
796,0.6134056439545846
797,0.6134056021484667
798,0.6134055608858359
799,0.6134055201596271
800,0.6134054799628664
801,0.6134054402886711
802,0.6134054011302476
803,0.6134053624808908
804,0.6134053243339828
805,0.6134052866829918
806,0.6134052495214702
807,0.6134052128430557
808,0.6134051766414672
809,0.6134051409105059
810,0.6134051056440538
811,0.6134050708360721
812,0.6134050364806005
813,0.6134050025717565
814,0.6134049691037337
815,0.6134049360708013
816,0.613404903467303
817,0.6134048712876564
818,0.6134048395263512
819,0.6134048081779487
820,0.6134047772370811
821,0.6134047466984505
822,0.6134047165568279
823,0.6134046868070521
824,0.6134046574440286
825,0.6134046284627299
826,0.6134045998581935
827,0.6134045716255213
828,0.6134045437598791
829,0.6134045162564953
830,0.6134044891106605
831,0.6134044623177267
832,0.6134044358731059
833,0.6134044097722703
834,0.6134043840107499
835,0.6134043585841343
836,0.6134043334880694
837,0.613404308718258
838,0.6134042842704588
839,0.6134042601404853
840,0.613404236324206
841,0.6134042128175426
842,0.6134041896164704
843,0.6134041667170163
844,0.6134041441152593
845,0.6134041218073293
846,0.6134040997894065
847,0.6134040780577209
848,0.613404056608551
849,0.6134040354382245
850,0.613404014543116
851,0.6134039939196478
852,0.6134039735642886
853,0.6134039534735527
854,0.6134039336440003
855,0.6134039140722353
856,0.6134038947549072
857,0.6134038756887077
858,0.6134038568703727
859,0.6134038382966791
860,0.613403819964447
861,0.6134038018705376
862,0.613403784011852
863,0.6134037663853329
864,0.6134037489879617
865,0.6134037318167596
866,0.613403714868786
867,0.6134036981411396
868,0.6134036816309554
869,0.6134036653354067
870,0.6134036492517032
871,0.6134036333770908
872,0.6134036177088513
873,0.6134036022443017
874,0.6134035869807942
875,0.6134035719157152
876,0.6134035570464849
877,0.6134035423705573
878,0.6134035278854195
879,0.6134035135885911
880,0.6134034994776243
881,0.6134034855501025
882,0.613403471803641
883,0.6134034582358863
884,0.6134034448445147
885,0.6134034316272335
886,0.6134034185817794
887,0.6134034057059184
888,0.6134033929974462
889,0.6134033804541864
890,0.6134033680739913
891,0.6134033558547409
892,0.6134033437943432
893,0.6134033318907329
894,0.6134033201418717
895,0.6134033085457478
896,0.6134032971003758
897,0.6134032858037954
898,0.613403274654073
899,0.6134032636492989
900,0.6134032527875888
901,0.6134032420670831
902,0.613403231485946
903,0.6134032210423653
904,0.6134032107345534
905,0.6134032005607449
906,0.6134031905191977
907,0.6134031806081925
908,0.6134031708260322
909,0.6134031611710419
910,0.6134031516415681
911,0.6134031422359791
912,0.6134031329526648
913,0.6134031237900351
914,0.6134031147465214
915,0.613403105820575
916,0.6134030970106675
917,0.6134030883152904
918,0.613403079732955
919,0.6134030712621914
920,0.6134030629015492
921,0.6134030546495971
922,0.6134030465049218
923,0.6134030384661288
924,0.6134030305318414
925,0.6134030227007017
926,0.6134030149713677
927,0.6134030073425167
928,0.6134029998128421
929,0.6134029923810549
930,0.6134029850458821
931,0.6134029778060679
932,0.6134029706603726
933,0.6134029636075727
934,0.6134029566464606
935,0.6134029497758441
936,0.6134029429945469
937,0.6134029363014077
938,0.613402929695281
939,0.6134029231750348
940,0.6134029167395529
941,0.6134029103877336
942,0.6134029041184893
943,0.613402897930746
944,0.6134028918234449
945,0.6134028857955396
946,0.6134028798459982
947,0.6134028739738018
948,0.6134028681779453
949,0.6134028624574358
950,0.6134028568112941
951,0.6134028512385532
952,0.6134028457382591
953,0.6134028403094697
954,0.6134028349512556
955,0.6134028296626992
956,0.6134028244428952
957,0.6134028192909494
958,0.6134028142059801
959,0.6134028091871161
960,0.6134028042334982
961,0.6134027993442784
962,0.6134027945186193
963,0.6134027897556948
964,0.613402785054689
965,0.6134027804147975
966,0.6134027758352251
967,0.6134027713151881
968,0.6134027668539123
969,0.6134027624506342
970,0.6134027581045991
971,0.6134027538150635
972,0.6134027495812927
973,0.6134027454025617
974,0.6134027412781549
975,0.6134027372073662
976,0.6134027331894985
977,0.6134027292238637
978,0.613402725309783
979,0.613402721446586
980,0.6134027176336114
981,0.6134027138702062
982,0.6134027101557258
983,0.6134027064895343
984,0.6134027028710041
985,0.6134026992995154
986,0.6134026957744567
987,0.6134026922952245
988,0.6134026888612228
989,0.613402685471864
990,0.6134026821265673
991,0.6134026788247602
992,0.6134026755658769
993,0.6134026723493601
994,0.6134026691746584
995,0.6134026660412284
996,0.6134026629485336
997,0.6134026598960443
998,0.6134026568832381
999,0.6134026539095988
1000,0.6134026509746175
1001,0.6134026480777915
1002,0.6134026452186245
1003,0.6134026423966276
1004,0.613402639611317
1005,0.6134026368622159
1006,0.6134026341488535
1007,0.6134026314707655
1008,0.6134026288274932
1009,0.6134026262185837
1010,0.6134026236435904
1011,0.6134026211020729
1012,0.6134026185935955
1013,0.6134026161177286
1014,0.6134026136740486
1015,0.6134026112621369
1016,0.6134026088815803
1017,0.6134026065319715
1018,0.6134026042129079
1019,0.6134026019239927
1020,0.6134025996648338
1021,0.6134025974350443
1022,0.6134025952342427
1023,0.6134025930620517
1024,0.6134025909180998
1025,0.6134025888020194
1026,0.6134025867134486
1027,0.6134025846520295
1028,0.6134025826174094
1029,0.6134025806092397
1030,0.6134025786271764
1031,0.6134025766708803
1032,0.6134025747400167
1033,0.6134025728342545
1034,0.6134025709532674
1035,0.6134025690967337
1036,0.6134025672643352
1037,0.6134025654557582
1038,0.6134025636706932
1039,0.6134025619088341
1040,0.6134025601698797
1041,0.613402558453532
1042,0.6134025567594972
1043,0.613402555087485
1044,0.6134025534372092
1045,0.6134025518083875
1046,0.6134025502007407
1047,0.6134025486139936
1048,0.6134025470478744
1049,0.6134025455021154
1050,0.6134025439764512
1051,0.6134025424706211
1052,0.6134025409843669
1053,0.6134025395174345
1054,0.6134025380695722
1055,0.6134025366405327
1056,0.6134025352300708
1057,0.6134025338379452
1058,0.6134025324639175
1059,0.6134025311077523
1060,0.6134025297692177
1061,0.6134025284480841
1062,0.6134025271441255
1063,0.6134025258571189
1064,0.6134025245868433
1065,0.6134025233330815
1066,0.613402522095619
1067,0.6134025208742436
1068,0.6134025196687465
1069,0.6134025184789208
1070,0.6134025173045633
1071,0.6134025161454726
1072,0.6134025150014504
1073,0.6134025138723005
1074,0.6134025127578299
1075,0.6134025116578475
1076,0.6134025105721652
1077,0.6134025095005969
1078,0.6134025084429592
1079,0.6134025073990709
1080,0.6134025063687535
1081,0.6134025053518303
1082,0.6134025043481273
1083,0.6134025033574726
1084,0.6134025023796966
1085,0.613402501414632
1086,0.6134025004621133
1087,0.6134024995219776
1088,0.6134024985940637
1089,0.613402497678213
1090,0.6134024967742685
1091,0.6134024958820753
1092,0.613402495001481
1093,0.6134024941323344
1094,0.6134024932744869
1095,0.6134024924277917
1096,0.6134024915921036
1097,0.6134024907672796
1098,0.6134024899531785
1099,0.6134024891496608
1100,0.6134024883565892
1101,0.6134024875738273
1102,0.6134024868012417
1103,0.6134024860387
1104,0.6134024852860712
1105,0.6134024845432267
1106,0.6134024838100394
1107,0.6134024830863837
1108,0.6134024823721356
1109,0.6134024816671729
1110,0.6134024809713748
1111,0.6134024802846223
1112,0.6134024796067977
1113,0.6134024789377849
1114,0.6134024782774695
1115,0.6134024776257381
1116,0.6134024769824794
1117,0.6134024763475833
1118,0.6134024757209409
1119,0.6134024751024448
1120,0.6134024744919896
1121,0.6134024738894702
1122,0.6134024732947837
1123,0.6134024727078282
1124,0.6134024721285034
1125,0.6134024715567097
1126,0.6134024709923496
1127,0.6134024704353261
1128,0.6134024698855441
1129,0.6134024693429094
1130,0.6134024688073292
1131,0.6134024682787115
1132,0.6134024677569658
1133,0.6134024672420031
1134,0.6134024667337349
1135,0.6134024662320742
1136,0.6134024657369352
1137,0.6134024652482333
1138,0.6134024647658844
1139,0.6134024642898062
1140,0.6134024638199171
1141,0.6134024633561368
1142,0.6134024628983854
1143,0.6134024624465851
1144,0.6134024620006583
1145,0.6134024615605286
1146,0.6134024611261205
1147,0.6134024606973599
1148,0.6134024602741736
1149,0.6134024598564884
1150,0.6134024594442331
1151,0.6134024590373374
1152,0.6134024586357314
1153,0.6134024582393464
1154,0.6134024578481142
1155,0.6134024574619684
1156,0.6134024570808425
1157,0.6134024567046714
1158,0.6134024563333904
1159,0.613402455966936
1160,0.613402455605246
1161,0.6134024552482578
1162,0.6134024548959105
1163,0.6134024545481437
1164,0.613402454204898
1165,0.6134024538661146
1166,0.6134024535317354
1167,0.6134024532017033
1168,0.6134024528759616
1169,0.6134024525544547
1170,0.6134024522371272
1171,0.6134024519239252
1172,0.6134024516147948
1173,0.6134024513096833
1174,0.6134024510085382
1175,0.613402450711308
1176,0.613402450417942
1177,0.6134024501283896
1178,0.6134024498426016
1179,0.6134024495605288
1180,0.613402449282123
1181,0.6134024490073365
1182,0.6134024487361225
1183,0.6134024484684342
1184,0.613402448204226
1185,0.6134024479434522
1186,0.6134024476860688
1187,0.6134024474320313
1188,0.6134024471812966
1189,0.6134024469338211
1190,0.6134024466895631
1191,0.6134024464484805
1192,0.6134024462105319
1193,0.6134024459756767
1194,0.6134024457438746
1195,0.6134024455150862
1196,0.6134024452892719
1197,0.6134024450663931
1198,0.6134024448464119
1199,0.6134024446292906
1200,0.6134024444149919
1201,0.6134024442034791
1202,0.6134024439947159
1203,0.6134024437886667
1204,0.6134024435852963
1205,0.6134024433845696
1206,0.6134024431864525
1207,0.613402442990911
1208,0.6134024427979115
1209,0.6134024426074209
1210,0.6134024424194068
1211,0.613402442233837
1212,0.6134024420506795
1213,0.6134024418699032
1214,0.6134024416914771
1215,0.6134024415153705
1216,0.6134024413415532
1217,0.6134024411699958
1218,0.6134024410006683
1219,0.6134024408335423
1220,0.613402440668589
1221,0.61340244050578
1222,0.6134024403450877
1223,0.6134024401864846
1224,0.613402440029943
1225,0.6134024398754367
1226,0.6134024397229387
1227,0.6134024395724237
1228,0.613402439423865
1229,0.6134024392772378
1230,0.6134024391325168
1231,0.613402438989677
1232,0.6134024388486943
1233,0.6134024387095444
1234,0.6134024385722032
1235,0.6134024384366478
1236,0.6134024383028546
1237,0.6134024381708006
1238,0.6134024380404636
1239,0.6134024379118207
1240,0.6134024377848504
1241,0.6134024376595305
1242,0.61340243753584
1243,0.6134024374137574
1244,0.6134024372932619
1245,0.6134024371743328
1246,0.61340243705695
1247,0.6134024369410931
1248,0.6134024368267422
1249,0.6134024367138781
1250,0.6134024366024811
1251,0.6134024364925325
1252,0.613402436384013
1253,0.6134024362769044
1254,0.6134024361711882
1255,0.6134024360668464
1256,0.6134024359638609
1257,0.6134024358622144
1258,0.6134024357618891
1259,0.6134024356628683
1260,0.6134024355651347
1261,0.6134024354686717
1262,0.6134024353734625
1263,0.6134024352794913
1264,0.6134024351867416
1265,0.6134024350951978
1266,0.613402435004844
1267,0.6134024349156648
1268,0.6134024348276451
1269,0.6134024347407694
1270,0.6134024346550234
1271,0.613402434570392
1272,0.6134024344868607
1273,0.6134024344044154
1274,0.6134024343230419
1275,0.6134024342427263
1276,0.6134024341634547
1277,0.6134024340852139
1278,0.6134024340079901
1279,0.6134024339317701
1280,0.613402433856541
1281,0.6134024337822902
1282,0.6134024337090044
1283,0.6134024336366712
1284,0.6134024335652787
1285,0.6134024334948142
1286,0.6134024334252656
1287,0.6134024333566214
1288,0.6134024332888692
1289,0.6134024332219981
1290,0.6134024331559963
1291,0.6134024330908524
1292,0.6134024330265556
1293,0.6134024329630945
1294,0.6134024329004583
1295,0.6134024328386366
1296,0.6134024327776185
1297,0.6134024327173937
1298,0.6134024326579518
1299,0.6134024325992827
1300,0.6134024325413763
1301,0.6134024324842227
1302,0.613402432427812
1303,0.6134024323721348
1304,0.6134024323171814
1305,0.6134024322629422
1306,0.6134024322094083
1307,0.6134024321565703
1308,0.6134024321044192
1309,0.6134024320529461
1310,0.6134024320021422
1311,0.6134024319519985
1312,0.6134024319025071
1313,0.6134024318536587
1314,0.6134024318054457
1315,0.6134024317578592
1316,0.6134024317108915
1317,0.6134024316645342
1318,0.6134024316187797
1319,0.61340243157362
1320,0.6134024315290475
1321,0.6134024314850542
1322,0.6134024314416331
1323,0.6134024313987761
1324,0.6134024313564767
1325,0.6134024313147269
1326,0.61340243127352
1327,0.6134024312328485
1328,0.6134024311927061
1329,0.6134024311530853
1330,0.6134024311139799
1331,0.6134024310753826
1332,0.6134024310372872
1333,0.6134024309996869
1334,0.6134024309625756
1335,0.6134024309259467
1336,0.6134024308897938
1337,0.6134024308541112
1338,0.6134024308188923
1339,0.6134024307841311
1340,0.613402430749822
1341,0.613402430715959
1342,0.6134024306825362
1343,0.6134024306495478
1344,0.6134024306169883
1345,0.6134024305848521
1346,0.6134024305531336
1347,0.6134024305218274
1348,0.6134024304909282
1349,0.613402430460431
1350,0.6134024304303299
1351,0.6134024304006203
1352,0.6134024303712967
1353,0.6134024303423545
1354,0.6134024303137887
1355,0.6134024302855942
1356,0.6134024302577661
1357,0.6134024302302997
1358,0.6134024302031906
1359,0.6134024301764338
1360,0.6134024301500248
1361,0.6134024301239593
1362,0.6134024300982324
1363,0.6134024300728401
1364,0.613402430047778
1365,0.6134024300230415
1366,0.6134024299986267
1367,0.6134024299745292
1368,0.6134024299507451
1369,0.6134024299272702
1370,0.6134024299041002
1371,0.6134024298812318
1372,0.6134024298586604
1373,0.6134024298363826
1374,0.6134024298143944
1375,0.6134024297926921
1376,0.6134024297712719
1377,0.6134024297501302
1378,0.6134024297292632
1379,0.6134024297086677
1380,0.6134024296883396
1381,0.613402429668276
1382,0.6134024296484732
1383,0.6134024296289278
1384,0.6134024296096366
1385,0.6134024295905961
1386,0.6134024295718032
1387,0.6134024295532546
1388,0.6134024295349471
1389,0.6134024295168774
1390,0.6134024294990428
1391,0.6134024294814402
1392,0.6134024294640663
1393,0.6134024294469183
1394,0.6134024294299931
1395,0.6134024294132882
1396,0.6134024293968001
1397,0.6134024293805266
1398,0.6134024293644648
1399,0.6134024293486113
1400,0.6134024293329643
1401,0.6134024293175206
1402,0.6134024293022777
1403,0.6134024292872329
1404,0.6134024292723838
1405,0.6134024292577277
1406,0.613402429243262
1407,0.6134024292289846
1408,0.6134024292148925
1409,0.6134024292009839
1410,0.6134024291872557
1411,0.6134024291737065
1412,0.6134024291603332
1413,0.6134024291471337
1414,0.6134024291341058
1415,0.6134024291212473
1416,0.613402429108556
1417,0.6134024290960296
1418,0.6134024290836662
1419,0.6134024290714634
1420,0.6134024290594193
1421,0.6134024290475317
1422,0.6134024290357987
1423,0.6134024290242182
1424,0.6134024290127883
1425,0.6134024290015069
1426,0.6134024289903723
1427,0.6134024289793824
1428,0.6134024289685353
1429,0.6134024289578293
1430,0.6134024289472624
1431,0.6134024289368329
1432,0.613402428926539
1433,0.6134024289163788
1434,0.6134024289063508
1435,0.6134024288964534
1436,0.6134024288866843
1437,0.6134024288770423
1438,0.6134024288675257
1439,0.6134024288581328
1440,0.6134024288488621
1441,0.6134024288397117
1442,0.6134024288306805
1443,0.6134024288217665
1444,0.6134024288129685
1445,0.6134024288042849
1446,0.6134024287957142
1447,0.6134024287872548
1448,0.6134024287789054
1449,0.6134024287706645
1450,0.6134024287625308
1451,0.6134024287545029
1452,0.6134024287465794
1453,0.6134024287387588
1454,0.61340242873104
1455,0.6134024287234213
1456,0.6134024287159019
1457,0.61340242870848
1458,0.6134024287011548
1459,0.6134024286939248
1460,0.6134024286867886
1461,0.6134024286797453
1462,0.6134024286727936
1463,0.6134024286659323
1464,0.6134024286591601
1465,0.6134024286524761
1466,0.6134024286458789
1467,0.6134024286393674
1468,0.6134024286329405
1469,0.6134024286265973
1470,0.6134024286203366
1471,0.6134024286141573
1472,0.613402428608058
1473,0.6134024286020384
1474,0.6134024285960968
1475,0.6134024285902325
1476,0.6134024285844445
1477,0.6134024285787316
1478,0.6134024285730932
1479,0.613402428567528
1480,0.6134024285620351
1481,0.6134024285566135
1482,0.6134024285512626
1483,0.6134024285459813
1484,0.6134024285407684
1485,0.6134024285356234
1486,0.6134024285305453
1487,0.6134024285255333
1488,0.6134024285205864
1489,0.6134024285157037
1490,0.6134024285108844
1491,0.6134024285061281
1492,0.6134024285014334
1493,0.6134024284967997
1494,0.6134024284922264
1495,0.6134024284877124
1496,0.6134024284832571
1497,0.6134024284788597
1498,0.6134024284745196
1499,0.613402428470236
1500,0.6134024284660078
1501,0.6134024284618347
1502,0.6134024284577159
1503,0.6134024284536506
1504,0.6134024284496381
1505,0.6134024284456777
1506,0.6134024284417691
1507,0.6134024284379112
1508,0.6134024284341033
1509,0.613402428430345
1510,0.6134024284266354
1511,0.6134024284229741
1512,0.6134024284193607
1513,0.6134024284157938
1514,0.6134024284122735
1515,0.613402428408799
1516,0.6134024284053696
1517,0.6134024284019849
1518,0.6134024283986441
1519,0.6134024283953468
1520,0.6134024283920921
1521,0.6134024283888801
1522,0.6134024283857097
1523,0.6134024283825805
1524,0.6134024283794921
1525,0.6134024283764437
1526,0.6134024283734348
1527,0.6134024283704652
1528,0.6134024283675342
1529,0.6134024283646413
1530,0.6134024283617859
1531,0.6134024283589677
1532,0.6134024283561863
1533,0.6134024283534408
1534,0.6134024283507311
1535,0.6134024283480566
1536,0.613402428345417
1537,0.6134024283428116
1538,0.6134024283402401
1539,0.6134024283377019
1540,0.6134024283351969
1541,0.6134024283327244
1542,0.6134024283302838
1543,0.6134024283278753
1544,0.613402428325498
1545,0.6134024283231514
1546,0.6134024283208356
1547,0.6134024283185497
1548,0.6134024283162938
1549,0.6134024283140668
1550,0.6134024283118691
1551,0.6134024283096997
1552,0.6134024283075586
1553,0.6134024283054456
1554,0.6134024283033598
1555,0.6134024283013011
1556,0.6134024282992692
1557,0.6134024282972637
1558,0.6134024282952842
1559,0.6134024282933307
1560,0.6134024282914025
1561,0.6134024282894993
1562,0.6134024282876207
1563,0.6134024282857667
1564,0.6134024282839368
1565,0.6134024282821308
1566,0.6134024282803481
1567,0.6134024282785886
1568,0.613402428276852
1569,0.6134024282751378
1570,0.6134024282734462
1571,0.6134024282717764
1572,0.6134024282701283
1573,0.6134024282685018
1574,0.6134024282668963
1575,0.6134024282653117
1576,0.6134024282637477
1577,0.6134024282622039
1578,0.6134024282606804
1579,0.6134024282591766
1580,0.6134024282576922
1581,0.6134024282562275
1582,0.6134024282547814
1583,0.6134024282533542
1584,0.6134024282519458
1585,0.6134024282505555
1586,0.6134024282491832
1587,0.6134024282478291
1588,0.6134024282464923
1589,0.6134024282451729
1590,0.6134024282438708
1591,0.6134024282425855
1592,0.6134024282413169
1593,0.6134024282400649
1594,0.6134024282388291
1595,0.6134024282376093
1596,0.6134024282364055
1597,0.6134024282352172
1598,0.6134024282340445
1599,0.6134024282328869
1600,0.6134024282317444
1601,0.6134024282306166
1602,0.6134024282295037
1603,0.6134024282284054
1604,0.613402428227321
1605,0.6134024282262509
1606,0.6134024282251948
1607,0.6134024282241524
1608,0.6134024282231234
1609,0.613402428222108
1610,0.6134024282211055
1611,0.6134024282201163
1612,0.6134024282191397
1613,0.6134024282181759
1614,0.6134024282172247
1615,0.6134024282162858
1616,0.6134024282153593
1617,0.6134024282144446
1618,0.6134024282135419
1619,0.6134024282126509
1620,0.6134024282117714
1621,0.6134024282109035
1622,0.6134024282100468
1623,0.6134024282092014
1624,0.6134024282083667
1625,0.613402428207543
1626,0.6134024282067299
1627,0.6134024282059275
1628,0.6134024282051356
1629,0.6134024282043538
1630,0.6134024282035822
1631,0.6134024282028208
1632,0.6134024282020692
1633,0.6134024282013274
1634,0.6134024282005952
1635,0.6134024281998725
1636,0.6134024281991592
1637,0.6134024281984553
1638,0.6134024281977603
1639,0.6134024281970745
1640,0.6134024281963975
1641,0.6134024281957294
1642,0.6134024281950701
1643,0.6134024281944191
1644,0.6134024281937768
1645,0.6134024281931427
1646,0.6134024281925169
1647,0.6134024281918993
1648,0.6134024281912897
1649,0.6134024281906879
1650,0.6134024281900939
1651,0.6134024281895079
1652,0.6134024281889293
1653,0.6134024281883582
1654,0.6134024281877948
1655,0.6134024281872386
1656,0.6134024281866896
1657,0.6134024281861475
1658,0.6134024281856126
1659,0.6134024281850847
1660,0.6134024281845637
1661,0.6134024281840496
1662,0.6134024281835417
1663,0.6134024281830408
1664,0.6134024281825464
1665,0.6134024281820583
1666,0.6134024281815766
1667,0.6134024281811012
1668,0.6134024281806318
1669,0.6134024281801687
1670,0.6134024281797117
1671,0.6134024281792605
1672,0.6134024281788152
1673,0.6134024281783755
1674,0.6134024281779419
1675,0.6134024281775136
1676,0.613402428177091
1677,0.6134024281766739
1678,0.6134024281762622
1679,0.6134024281758559
1680,0.6134024281754548
1681,0.6134024281750589
1682,0.6134024281746683
1683,0.6134024281742826
1684,0.6134024281739019
1685,0.6134024281735264
1686,0.6134024281731556
1687,0.6134024281727894
1688,0.6134024281724284
1689,0.6134024281720718
1690,0.6134024281717199
1691,0.6134024281713726
1692,0.6134024281710299
1693,0.6134024281706916
1694,0.6134024281703576
1695,0.6134024281700281
1696,0.6134024281697028
1697,0.6134024281693816
1698,0.6134024281690649
1699,0.613402428168752
1700,0.6134024281684433
1701,0.6134024281681387
1702,0.6134024281678377
1703,0.6134024281675411
1704,0.6134024281672481
1705,0.613402428166959
1706,0.6134024281666735
1707,0.6134024281663918
1708,0.6134024281661138
1709,0.6134024281658393
1710,0.6134024281655684
1711,0.6134024281653012
1712,0.6134024281650374
1713,0.6134024281647771
1714,0.61340242816452
1715,0.6134024281642662
1716,0.6134024281640158
1717,0.6134024281637687
1718,0.6134024281635247
1719,0.6134024281632839
1720,0.6134024281630465
1721,0.6134024281628119
1722,0.6134024281625803
1723,0.6134024281623518
1724,0.6134024281621263
1725,0.6134024281619037
1726,0.613402428161684
1727,0.6134024281614672
1728,0.6134024281612532
1729,0.613402428161042
1730,0.6134024281608335
1731,0.6134024281606277
1732,0.6134024281604247
1733,0.6134024281602242
1734,0.6134024281600263
1735,0.6134024281598311
1736,0.6134024281596383
1737,0.613402428159448
1738,0.6134024281592603
1739,0.613402428159075
1740,0.613402428158892
1741,0.6134024281587114
1742,0.6134024281585333
1743,0.6134024281583574
1744,0.6134024281581839
1745,0.6134024281580127
1746,0.6134024281578436
1747,0.6134024281576766
1748,0.6134024281575119
1749,0.6134024281573491
1750,0.6134024281571888
1751,0.6134024281570304
1752,0.6134024281568741
1753,0.6134024281567197
1754,0.6134024281565674
1755,0.6134024281564172
1756,0.6134024281562688
1757,0.6134024281561223
1758,0.6134024281559779
1759,0.6134024281558352
1760,0.6134024281556945
1761,0.6134024281555555
1762,0.6134024281554182
1763,0.613402428155283
1764,0.6134024281551493
1765,0.6134024281550174
1766,0.6134024281548873
1767,0.6134024281547589
1768,0.613402428154632
1769,0.613402428154507
1770,0.6134024281543833
1771,0.6134024281542614
1772,0.613402428154141
1773,0.6134024281540223
1774,0.6134024281539052
1775,0.6134024281537894
1776,0.6134024281536751
1777,0.6134024281535625
1778,0.6134024281534513
1779,0.6134024281533415
1780,0.6134024281532331
1781,0.6134024281531262
1782,0.6134024281530204
1783,0.6134024281529163
1784,0.6134024281528135
1785,0.613402428152712
1786,0.6134024281526117
1787,0.6134024281525129
1788,0.6134024281524152
1789,0.6134024281523189
1790,0.613402428152224
1791,0.61340242815213
1792,0.6134024281520375
1793,0.613402428151946
1794,0.6134024281518559
1795,0.6134024281517666
1796,0.6134024281516788
1797,0.6134024281515921
1798,0.6134024281515064
1799,0.6134024281514219
1800,0.6134024281513384
1801,0.613402428151256
1802,0.6134024281511748
1803,0.6134024281510946
1804,0.6134024281510154
1805,0.6134024281509373
1806,0.6134024281508602
1807,0.6134024281507842
1808,0.6134024281507089
1809,0.6134024281506348
1810,0.6134024281505617
1811,0.6134024281504894
1812,0.6134024281504182
1813,0.6134024281503477
1814,0.6134024281502785
1815,0.6134024281502097
1816,0.6134024281501421
1817,0.6134024281500753
1818,0.6134024281500094
1819,0.6134024281499443
1820,0.6134024281498802
1821,0.6134024281498168
1822,0.6134024281497543
1823,0.6134024281496925
1824,0.6134024281496315
1825,0.6134024281495714
1826,0.6134024281495121
1827,0.6134024281494533
1828,0.6134024281493956
1829,0.6134024281493385
1830,0.6134024281492823
1831,0.6134024281492266
1832,0.6134024281491718
1833,0.6134024281491175
1834,0.613402428149064
1835,0.6134024281490114
1836,0.6134024281489592
1837,0.6134024281489079
1838,0.613402428148857
1839,0.6134024281488071
1840,0.6134024281487576
1841,0.6134024281487088
1842,0.6134024281486606
1843,0.6134024281486132
1844,0.6134024281485663
1845,0.61340242814852
1846,0.6134024281484742
1847,0.613402428148429
1848,0.6134024281483846
1849,0.6134024281483406
1850,0.6134024281482973
1851,0.6134024281482546
1852,0.6134024281482123
1853,0.6134024281481705
1854,0.6134024281481295
1855,0.6134024281480888
1856,0.6134024281480488
1857,0.613402428148009
1858,0.6134024281479701
1859,0.6134024281479317
1860,0.6134024281478935
1861,0.6134024281478561
1862,0.6134024281478189
1863,0.6134024281477823
1864,0.6134024281477461
1865,0.6134024281477106
1866,0.6134024281476755
1867,0.6134024281476408
1868,0.6134024281476065
1869,0.6134024281475727
1870,0.6134024281475393
1871,0.6134024281475062
1872,0.6134024281474738
1873,0.6134024281474418
1874,0.6134024281474101
1875,0.6134024281473789
1876,0.6134024281473479
1877,0.6134024281473174
1878,0.6134024281472874
1879,0.6134024281472577
1880,0.6134024281472285
1881,0.6134024281471996
1882,0.613402428147171
1883,0.6134024281471429
1884,0.6134024281471152
1885,0.6134024281470876
1886,0.6134024281470606
1887,0.6134024281470338
1888,0.6134024281470075
1889,0.6134024281469815
1890,0.6134024281469558
1891,0.6134024281469305
1892,0.6134024281469055
1893,0.6134024281468806
1894,0.6134024281468562
1895,0.6134024281468323
1896,0.6134024281468086
1897,0.6134024281467849
1898,0.6134024281467619
1899,0.6134024281467391
1900,0.6134024281467165
1901,0.6134024281466942
1902,0.6134024281466723
1903,0.6134024281466506
1904,0.6134024281466293
1905,0.6134024281466082
1906,0.6134024281465872
1907,0.6134024281465666
1908,0.6134024281465464
1909,0.6134024281465265
1910,0.6134024281465065
1911,0.613402428146487
1912,0.6134024281464678
1913,0.6134024281464487
1914,0.6134024281464301
1915,0.6134024281464114
1916,0.6134024281463932
1917,0.6134024281463751
1918,0.6134024281463575
1919,0.6134024281463398
1920,0.6134024281463225
1921,0.6134024281463053
1922,0.6134024281462884
1923,0.6134024281462718
1924,0.6134024281462553
1925,0.613402428146239
1926,0.6134024281462229
1927,0.6134024281462072
1928,0.6134024281461915
1929,0.6134024281461761
1930,0.6134024281461609
1931,0.6134024281461459
1932,0.6134024281461311
1933,0.6134024281461165
1934,0.613402428146102
1935,0.6134024281460876
1936,0.6134024281460737
1937,0.6134024281460597
1938,0.6134024281460458
1939,0.6134024281460325
1940,0.6134024281460192
1941,0.613402428146006
1942,0.6134024281459929
1943,0.6134024281459801
1944,0.6134024281459673
1945,0.6134024281459549
1946,0.6134024281459426
1947,0.6134024281459304
1948,0.6134024281459184
1949,0.6134024281459065
1950,0.6134024281458947
1951,0.6134024281458832
1952,0.6134024281458719
1953,0.6134024281458604
1954,0.6134024281458494
1955,0.6134024281458385
1956,0.6134024281458277
1957,0.6134024281458168
1958,0.6134024281458064
1959,0.6134024281457959
1960,0.6134024281457856
1961,0.6134024281457756
1962,0.6134024281457654
1963,0.6134024281457556
1964,0.6134024281457457
1965,0.6134024281457362
1966,0.6134024281457267
1967,0.6134024281457173
1968,0.613402428145708
1969,0.6134024281456989
1970,0.6134024281456899
1971,0.613402428145681
1972,0.6134024281456723
1973,0.6134024281456635
1974,0.6134024281456548
1975,0.6134024281456465
1976,0.6134024281456382
1977,0.6134024281456302
1978,0.6134024281456218
1979,0.6134024281456139
1980,0.613402428145606
1981,0.6134024281455981
1982,0.6134024281455904
1983,0.6134024281455828
1984,0.6134024281455753
1985,0.6134024281455678
1986,0.6134024281455607
1987,0.6134024281455533
1988,0.6134024281455461
1989,0.6134024281455391
1990,0.6134024281455324
1991,0.6134024281455254
1992,0.6134024281455186
1993,0.6134024281455119
1994,0.6134024281455053
1995,0.613402428145499
1996,0.6134024281454924
1997,0.6134024281454861
1998,0.6134024281454797
1999,0.6134024281454739
2000,0.6134024281454675
2001,0.6134024281454615
2002,0.6134024281454558
2003,0.6134024281454498
2004,0.613402428145444
2005,0.6134024281454383
2006,0.6134024281454328
2007,0.6134024281454271
2008,0.6134024281454217
2009,0.6134024281454161
2010,0.613402428145411
2011,0.6134024281454057
2012,0.6134024281454005
2013,0.6134024281453953
2014,0.6134024281453901
2015,0.6134024281453851
2016,0.6134024281453802
2017,0.6134024281453754
2018,0.6134024281453707
2019,0.6134024281453658
2020,0.6134024281453611
2021,0.6134024281453566
2022,0.6134024281453518
2023,0.6134024281453475
2024,0.613402428145343
2025,0.6134024281453386
2026,0.6134024281453342
2027,0.61340242814533
2028,0.6134024281453256
2029,0.6134024281453216
2030,0.6134024281453173
2031,0.6134024281453133
2032,0.6134024281453094
2033,0.6134024281453055
2034,0.6134024281453015
2035,0.6134024281452976
2036,0.6134024281452939
2037,0.6134024281452901
2038,0.6134024281452864
2039,0.6134024281452828
2040,0.6134024281452792
2041,0.6134024281452756
2042,0.6134024281452721
2043,0.6134024281452686
2044,0.6134024281452652
2045,0.6134024281452619
2046,0.6134024281452585
2047,0.6134024281452551
2048,0.6134024281452518
2049,0.6134024281452487
2050,0.6134024281452455
2051,0.6134024281452424
2052,0.6134024281452394
2053,0.6134024281452363
2054,0.6134024281452333
2055,0.6134024281452303
2056,0.6134024281452274
2057,0.6134024281452245
2058,0.6134024281452217
2059,0.6134024281452188
2060,0.6134024281452161
2061,0.6134024281452133
2062,0.6134024281452105
2063,0.613402428145208
2064,0.6134024281452054
2065,0.6134024281452026
2066,0.6134024281452003
2067,0.6134024281451977
2068,0.6134024281451951
2069,0.6134024281451925
2070,0.6134024281451902
2071,0.6134024281451878
2072,0.6134024281451854
2073,0.6134024281451831
2074,0.6134024281451808
2075,0.6134024281451785
2076,0.6134024281451762
2077,0.613402428145174
2078,0.6134024281451719
2079,0.6134024281451697
2080,0.6134024281451675
2081,0.6134024281451653
2082,0.6134024281451632
2083,0.6134024281451612
2084,0.6134024281451592
2085,0.6134024281451572
2086,0.6134024281451552
2087,0.6134024281451533
2088,0.6134024281451513
2089,0.6134024281451494
2090,0.6134024281451476
2091,0.6134024281451457
2092,0.6134024281451439
2093,0.613402428145142
2094,0.6134024281451403
2095,0.6134024281451386
2096,0.6134024281451369
2097,0.6134024281451351
2098,0.6134024281451336
2099,0.6134024281451318
2100,0.6134024281451301
2101,0.6134024281451286
2102,0.6134024281451268
2103,0.6134024281451252
2104,0.6134024281451238
2105,0.6134024281451221
2106,0.6134024281451206
2107,0.6134024281451194
2108,0.6134024281451178
2109,0.6134024281451163
2110,0.6134024281451148
2111,0.6134024281451134
2112,0.613402428145112
2113,0.6134024281451106
2114,0.6134024281451091
2115,0.6134024281451079
2116,0.6134024281451065
2117,0.6134024281451051
2118,0.6134024281451039
2119,0.6134024281451026
2120,0.6134024281451014
2121,0.6134024281451002
2122,0.6134024281450988
2123,0.6134024281450976
2124,0.6134024281450965
2125,0.6134024281450953
2126,0.613402428145094
2127,0.6134024281450929
2128,0.6134024281450918
2129,0.6134024281450907
2130,0.6134024281450895
2131,0.6134024281450885
2132,0.6134024281450874
2133,0.6134024281450864
2134,0.6134024281450852
2135,0.6134024281450843
2136,0.6134024281450832
2137,0.6134024281450822
2138,0.6134024281450812
2139,0.6134024281450803
2140,0.6134024281450793
2141,0.6134024281450782
2142,0.6134024281450773
2143,0.6134024281450763
2144,0.6134024281450754
2145,0.6134024281450745
2146,0.6134024281450736
2147,0.6134024281450727
2148,0.6134024281450717
2149,0.613402428145071
2150,0.6134024281450702
2151,0.6134024281450693
2152,0.6134024281450684
2153,0.6134024281450676
2154,0.6134024281450668
2155,0.613402428145066
2156,0.6134024281450653
2157,0.6134024281450645
2158,0.6134024281450636
2159,0.613402428145063
2160,0.6134024281450621
2161,0.6134024281450615
2162,0.6134024281450607
2163,0.61340242814506
2164,0.6134024281450594
2165,0.6134024281450585
2166,0.6134024281450577
2167,0.6134024281450572
2168,0.6134024281450564
2169,0.6134024281450557
2170,0.6134024281450552
2171,0.6134024281450544
2172,0.6134024281450539
2173,0.6134024281450533
2174,0.6134024281450526
2175,0.6134024281450521
2176,0.6134024281450513
2177,0.6134024281450509
2178,0.6134024281450502
2179,0.6134024281450497
2180,0.6134024281450491
2181,0.6134024281450485
2182,0.6134024281450479
2183,0.6134024281450473
2184,0.6134024281450469
2185,0.6134024281450464
2186,0.6134024281450458
2187,0.6134024281450452
2188,0.6134024281450445
2189,0.6134024281450442
2190,0.6134024281450435
2191,0.6134024281450432
2192,0.6134024281450425
2193,0.6134024281450422
2194,0.6134024281450416
2195,0.6134024281450413
2196,0.6134024281450405
2197,0.6134024281450402
2198,0.61340242814504
2199,0.6134024281450393
2200,0.6134024281450389
2201,0.6134024281450384
2202,0.6134024281450381
2203,0.6134024281450376
2204,0.6134024281450372
2205,0.6134024281450368
2206,0.6134024281450364
2207,0.613402428145036
2208,0.6134024281450355
2209,0.6134024281450351
2210,0.6134024281450349
2211,0.6134024281450344
2212,0.6134024281450341
2213,0.6134024281450337
2214,0.6134024281450333
2215,0.6134024281450329
2216,0.6134024281450325
2217,0.6134024281450322
2218,0.6134024281450319
2219,0.6134024281450315
2220,0.6134024281450313
2221,0.6134024281450308
2222,0.6134024281450303
2223,0.6134024281450301
2224,0.6134024281450299
2225,0.6134024281450295
2226,0.6134024281450292
2227,0.6134024281450288
2228,0.6134024281450285
2229,0.6134024281450282
2230,0.613402428145028
2231,0.6134024281450277
2232,0.6134024281450273
2233,0.6134024281450272
2234,0.6134024281450268
2235,0.6134024281450264
2236,0.6134024281450263
2237,0.613402428145026
2238,0.6134024281450257
2239,0.6134024281450254
2240,0.6134024281450252
2241,0.613402428145025
2242,0.6134024281450245
2243,0.6134024281450244
2244,0.6134024281450242
2245,0.6134024281450239
2246,0.6134024281450237
2247,0.6134024281450235
2248,0.6134024281450232
2249,0.613402428145023
2250,0.6134024281450228
2251,0.6134024281450224
2252,0.6134024281450223
2253,0.6134024281450221
2254,0.6134024281450219
2255,0.6134024281450217
2256,0.6134024281450214
2257,0.6134024281450212
2258,0.6134024281450209
2259,0.6134024281450209
2260,0.6134024281450207
2261,0.6134024281450204
2262,0.6134024281450202
2263,0.6134024281450199
2264,0.6134024281450198
2265,0.6134024281450197
2266,0.6134024281450194
2267,0.6134024281450192
2268,0.613402428145019
2269,0.6134024281450188
2270,0.6134024281450187
2271,0.6134024281450184
2272,0.6134024281450183
2273,0.6134024281450183
2274,0.613402428145018
2275,0.6134024281450179
2276,0.6134024281450176
2277,0.6134024281450174
2278,0.6134024281450174
2279,0.6134024281450171
2280,0.613402428145017
2281,0.6134024281450169
2282,0.6134024281450167
2283,0.6134024281450166
2284,0.6134024281450166
2285,0.6134024281450163
2286,0.6134024281450161
2287,0.6134024281450161
2288,0.6134024281450158
2289,0.6134024281450157
2290,0.6134024281450157
2291,0.6134024281450153
2292,0.6134024281450153
2293,0.6134024281450151
2294,0.613402428145015
2295,0.6134024281450149
2296,0.6134024281450149
2297,0.6134024281450146
2298,0.6134024281450146
2299,0.6134024281450144
2300,0.6134024281450143
2301,0.6134024281450142
2302,0.613402428145014
2303,0.6134024281450139
2304,0.6134024281450139
2305,0.6134024281450138
2306,0.6134024281450136
2307,0.6134024281450136
2308,0.6134024281450133
2309,0.6134024281450132
2310,0.6134024281450131
2311,0.6134024281450131
2312,0.6134024281450128
2313,0.6134024281450128
2314,0.6134024281450128
2315,0.6134024281450126
2316,0.6134024281450127
2317,0.6134024281450123
2318,0.6134024281450124
2319,0.6134024281450123
2320,0.6134024281450123
2321,0.6134024281450121
2322,0.613402428145012
2323,0.613402428145012
2324,0.6134024281450119
2325,0.6134024281450118
2326,0.6134024281450116
2327,0.6134024281450116
2328,0.6134024281450113
2329,0.6134024281450113
2330,0.6134024281450114
2331,0.6134024281450112
2332,0.6134024281450111
2333,0.6134024281450111
2334,0.613402428145011
2335,0.613402428145011
2336,0.6134024281450109
2337,0.6134024281450108
2338,0.6134024281450107
2339,0.6134024281450106
2340,0.6134024281450106
2341,0.6134024281450104
2342,0.6134024281450103
2343,0.6134024281450104
2344,0.6134024281450102
2345,0.6134024281450102
2346,0.6134024281450102
2347,0.6134024281450102
2348,0.61340242814501
2349,0.61340242814501
2350,0.6134024281450099
2351,0.6134024281450099
2352,0.6134024281450098
2353,0.6134024281450097
2354,0.6134024281450097
2355,0.6134024281450097
2356,0.6134024281450096
2357,0.6134024281450094
2358,0.6134024281450094
2359,0.6134024281450094
2360,0.6134024281450092
2361,0.6134024281450092
2362,0.6134024281450092
2363,0.6134024281450091
2364,0.6134024281450091
2365,0.6134024281450091
2366,0.6134024281450091
2367,0.6134024281450088
2368,0.613402428145009
2369,0.6134024281450088
2370,0.6134024281450088
2371,0.6134024281450088
2372,0.6134024281450086
2373,0.6134024281450086
2374,0.6134024281450087
2375,0.6134024281450087
2376,0.6134024281450086
2377,0.6134024281450084
2378,0.6134024281450086
2379,0.6134024281450083
2380,0.6134024281450084
2381,0.6134024281450084
2382,0.6134024281450082
2383,0.6134024281450082
2384,0.6134024281450082
2385,0.6134024281450082
2386,0.6134024281450081
2387,0.6134024281450081
2388,0.613402428145008
2389,0.6134024281450081
2390,0.613402428145008
2391,0.6134024281450079
2392,0.6134024281450079
2393,0.6134024281450078
2394,0.6134024281450078
2395,0.6134024281450078
2396,0.6134024281450078
2397,0.6134024281450078
2398,0.6134024281450076
2399,0.6134024281450078
2400,0.6134024281450077
2401,0.6134024281450077
2402,0.6134024281450076
2403,0.6134024281450076
2404,0.6134024281450076
2405,0.6134024281450075
2406,0.6134024281450075
2407,0.6134024281450075
2408,0.6134024281450075
2409,0.6134024281450073
2410,0.6134024281450073
2411,0.6134024281450072
2412,0.6134024281450072
2413,0.6134024281450072
2414,0.6134024281450072
2415,0.6134024281450072
2416,0.6134024281450072
2417,0.6134024281450072
2418,0.613402428145007
2419,0.6134024281450071
2420,0.613402428145007
2421,0.6134024281450071
2422,0.613402428145007
2423,0.6134024281450069
2424,0.613402428145007
2425,0.6134024281450068
2426,0.613402428145007
2427,0.6134024281450069
2428,0.613402428145007
2429,0.6134024281450069
2430,0.6134024281450068
2431,0.6134024281450069
2432,0.6134024281450068
2433,0.6134024281450068
2434,0.6134024281450067
2435,0.6134024281450068
2436,0.6134024281450067
2437,0.6134024281450067
2438,0.6134024281450067
2439,0.6134024281450067
2440,0.6134024281450067
2441,0.6134024281450067
2442,0.6134024281450066
2443,0.6134024281450067
2444,0.6134024281450065
2445,0.6134024281450065
2446,0.6134024281450066
2447,0.6134024281450066
2448,0.6134024281450065
2449,0.6134024281450065
2450,0.6134024281450063
2451,0.6134024281450065
2452,0.6134024281450065
2453,0.6134024281450065
2454,0.6134024281450065
2455,0.6134024281450063
2456,0.6134024281450065
2457,0.6134024281450063
2458,0.6134024281450063
2459,0.6134024281450062
2460,0.6134024281450062
2461,0.6134024281450065
2462,0.6134024281450062
2463,0.6134024281450062
2464,0.6134024281450063
2465,0.6134024281450062
2466,0.6134024281450062
2467,0.6134024281450062
2468,0.6134024281450062
2469,0.6134024281450061
2470,0.6134024281450061
2471,0.6134024281450061
2472,0.613402428145006
2473,0.6134024281450062
2474,0.613402428145006
2475,0.6134024281450061
2476,0.613402428145006
2477,0.613402428145006
2478,0.613402428145006
2479,0.613402428145006
2480,0.613402428145006
2481,0.613402428145006
2482,0.613402428145006
2483,0.613402428145006
2484,0.613402428145006
2485,0.613402428145006
2486,0.6134024281450059
2487,0.6134024281450059
2488,0.613402428145006
2489,0.613402428145006
2490,0.613402428145006
2491,0.613402428145006
2492,0.6134024281450059
2493,0.613402428145006
2494,0.613402428145006
2495,0.6134024281450058
2496,0.613402428145006
2497,0.6134024281450059
2498,0.6134024281450059
2499,0.6134024281450059
2500,0.6134024281450058
2501,0.6134024281450058
2502,0.6134024281450058
2503,0.6134024281450058
2504,0.6134024281450059
2505,0.6134024281450058
2506,0.6134024281450058
2507,0.6134024281450058
2508,0.6134024281450058
2509,0.6134024281450058
2510,0.6134024281450058
2511,0.6134024281450058
2512,0.6134024281450057
2513,0.6134024281450057
2514,0.6134024281450058
2515,0.6134024281450057
2516,0.6134024281450057
2517,0.6134024281450056
2518,0.6134024281450058
2519,0.6134024281450057
2520,0.6134024281450057
2521,0.6134024281450056
2522,0.6134024281450055
2523,0.6134024281450056
2524,0.6134024281450057
2525,0.6134024281450057
2526,0.6134024281450055
2527,0.6134024281450057
2528,0.6134024281450057
2529,0.6134024281450057
2530,0.6134024281450057
2531,0.6134024281450056
2532,0.6134024281450057
2533,0.6134024281450057
2534,0.6134024281450057
2535,0.6134024281450056
2536,0.6134024281450057
2537,0.6134024281450057
2538,0.6134024281450057
2539,0.6134024281450056
2540,0.6134024281450056
2541,0.6134024281450056
2542,0.6134024281450057
2543,0.6134024281450055
2544,0.6134024281450055
2545,0.6134024281450055
2546,0.6134024281450055
2547,0.6134024281450056
2548,0.6134024281450055
2549,0.6134024281450056
2550,0.6134024281450055
2551,0.6134024281450055
2552,0.6134024281450055
2553,0.6134024281450057
2554,0.6134024281450056
2555,0.6134024281450055
2556,0.6134024281450056
2557,0.6134024281450055
2558,0.6134024281450056
2559,0.6134024281450055
2560,0.6134024281450057
2561,0.6134024281450056
2562,0.6134024281450055
2563,0.6134024281450055
2564,0.6134024281450055
2565,0.6134024281450056
2566,0.6134024281450056
2567,0.6134024281450055
2568,0.6134024281450055
2569,0.6134024281450055
2570,0.6134024281450055
2571,0.6134024281450053
2572,0.6134024281450055
2573,0.6134024281450055
2574,0.6134024281450055
2575,0.6134024281450055
2576,0.6134024281450055
2577,0.6134024281450055
2578,0.6134024281450053
2579,0.6134024281450055
2580,0.6134024281450053
2581,0.6134024281450055
2582,0.6134024281450053
2583,0.6134024281450055
2584,0.6134024281450055
2585,0.6134024281450053
2586,0.6134024281450053
2587,0.6134024281450052
2588,0.6134024281450053
2589,0.6134024281450053
2590,0.6134024281450055
2591,0.6134024281450053
2592,0.6134024281450055
2593,0.6134024281450052
2594,0.6134024281450055
2595,0.6134024281450053
2596,0.6134024281450053
2597,0.6134024281450052
2598,0.6134024281450055
2599,0.6134024281450052
2600,0.6134024281450055
2601,0.6134024281450052
2602,0.6134024281450052
2603,0.6134024281450055
2604,0.6134024281450053
2605,0.6134024281450053
2606,0.6134024281450052
2607,0.6134024281450053
2608,0.6134024281450055
2609,0.6134024281450052
2610,0.6134024281450055
2611,0.6134024281450053
2612,0.6134024281450052
2613,0.6134024281450052
2614,0.6134024281450053
2615,0.6134024281450053
2616,0.6134024281450053
2617,0.6134024281450053
2618,0.6134024281450052
2619,0.6134024281450052
2620,0.6134024281450053
2621,0.6134024281450055
2622,0.6134024281450055
2623,0.6134024281450052
2624,0.6134024281450053
2625,0.6134024281450052
2626,0.6134024281450052
2627,0.6134024281450052
2628,0.6134024281450053
2629,0.6134024281450052
2630,0.6134024281450052
2631,0.6134024281450055
2632,0.6134024281450053
2633,0.6134024281450053
2634,0.6134024281450053
2635,0.6134024281450052
2636,0.6134024281450052
2637,0.6134024281450052
2638,0.6134024281450052
2639,0.6134024281450052
2640,0.6134024281450051
2641,0.6134024281450053
2642,0.6134024281450052
2643,0.6134024281450053
2644,0.6134024281450052
2645,0.6134024281450052
2646,0.6134024281450052
2647,0.6134024281450052
2648,0.6134024281450052
2649,0.6134024281450052
2650,0.6134024281450052
2651,0.6134024281450052
2652,0.6134024281450053
2653,0.6134024281450053
2654,0.6134024281450053
2655,0.6134024281450052
2656,0.6134024281450052
2657,0.6134024281450052
2658,0.6134024281450053
2659,0.6134024281450052
2660,0.6134024281450053
2661,0.6134024281450052
2662,0.6134024281450052
2663,0.6134024281450052
2664,0.6134024281450052
2665,0.6134024281450052
2666,0.6134024281450052
2667,0.6134024281450052
2668,0.6134024281450052
2669,0.6134024281450053
2670,0.6134024281450052
2671,0.6134024281450051
2672,0.6134024281450052
2673,0.6134024281450052
2674,0.6134024281450051
2675,0.6134024281450052
2676,0.6134024281450051
2677,0.6134024281450051
2678,0.6134024281450052
2679,0.6134024281450052
2680,0.6134024281450052
2681,0.6134024281450052
2682,0.6134024281450052
2683,0.6134024281450052
2684,0.6134024281450052
2685,0.6134024281450052
2686,0.6134024281450052
2687,0.6134024281450052
2688,0.6134024281450051
